Strike,Implied Volatility
9100,0.223022
9500,0.217777
9800,0.212405
10700,0.187007
10750,0.18511
10800,0.185728
10850,0.184603
10900,0.183697
11100,0.181383
11400,0.182527
12200,0.203725
12550,0.206289
13750,0.168026
16000,0.156249
