Strike,Implied Volatility
9100,0.229943
9500,0.223156
9800,0.217182
10700,0.192771
10750,0.191658
10800,0.189115
10850,0.188005
10900,0.1871
11100,0.184425
11400,0.184508
12200,0.201788
12550,0.204854
13750,0.172316
16000,0.160722
