Strike,Implied Volatility
9100,0.210918
9500,0.210928
9800,0.205924
10700,0.175717
10750,0.173705
10800,0.173796
10850,0.173323
10900,0.173015
11100,0.174347
11400,0.184426
12200,0.221573
12550,0.219005
13750,0.167485
16000,0.158497
