Strike,Implied Volatility
9100,0.222044
9500,0.217031
9800,0.212699
10700,0.190042
10750,0.188478
10800,0.18687
10850,0.185223
10900,0.183878
11100,0.178518
11400,0.174099
12200,0.191451
12550,0.201265
13750,0.166048
16000,0.146849
