Strike,Implied Volatility
9100,0.219893
9500,0.213967
9800,0.208366
10700,0.182482
10750,0.181145
10800,0.18
10850,0.178877
10900,0.177787
11100,0.174913
11400,0.175699
12200,0.196776
12550,0.196334
13750,0.151978
16000,0.145148
