Strike,Implied Volatility
9100,0.220212
9500,0.214232
9800,0.210665
10700,0.195091
10750,0.19387
10800,0.192549
10850,0.191129
10900,0.189751
11100,0.183688
11400,0.174607
12200,0.170737
12550,0.181695
13750,0.171521
16000,0.137305
